Metric,Base Model,LoRA Fine-tuned Model,GPT-4o Mini
character_accuracy,1.0,1.0,1.0
rouge1_f1,0.4879552996963173,0.520534005665794,0.3329775381053898
rouge2_f1,0.34728117113463464,0.37304060029111563,0.16284762185037283
rougeL_f1,0.477514789875522,0.5099507104114465,0.31482326556784673
